user_id,display_name,user_type,account_enabled,external_user_state,invited_at,department
U001,Aylin Demir,Member,True,,,IT
U002,Jonas Weber,Member,True,,,HR
U003,Mara König,Member,False,,,Sales
U004,Sofia Rossi,Guest,True,Accepted,2026-08-12,External
U005,Daniel Novak,Guest,True,PendingAcceptance,2026-07-20,External
U006,Lea Martin,Guest,True,PendingAcceptance,2026-09-20,External
U007,Leon Fischer,Member,True,,,Engineering
U008,Nina Bauer,Member,False,,,IT
U009,Amir Rahman,Guest,True,PendingAcceptance,2026-06-15,External
U010,Elena Garcia,Guest,True,PendingAcceptance,2026-08-25,External
U011,Mark Chen,Guest,True,Accepted,2026-05-10,External
U012,Julia Brown,Guest,True,PendingAcceptance,2026-10-01,External
U013,Karim Hassan,Member,False,,,Operations
U014,Emma Schneider,Member,True,,,Legal
U015,Luca Pereira,Member,True,,,Procurement

